"STATISTIC","STATISTIC Label","TLIST(A1)","Year","C02639V03196","Day of Week","C03839V04589","Bus City Services","UNIT","VALUE"
"TOA15","Average weekly flow of Dublin Bus and Bus Éireann passengers","2018","2018","-","All days","10","Cork city","Number","267788"
"TOA15","Average weekly flow of Dublin Bus and Bus Éireann passengers","2018","2018","-","All days","20","Galway city","Number","90606"
"TOA15","Average weekly flow of Dublin Bus and Bus Éireann passengers","2018","2018","-","All days","30","Limerick city","Number","67864"
"TOA15","Average weekly flow of Dublin Bus and Bus Éireann passengers","2018","2018","-","All days","40","Waterford city","Number","16158"
"TOA15","Average weekly flow of Dublin Bus and Bus Éireann passengers","2018","2018","-","All days","50","Dublin Bus","Number","2771016"
"TOA15","Average weekly flow of Dublin Bus and Bus Éireann passengers","2018","2018","1","Sunday","10","Cork city","Number","17773"
"TOA15","Average weekly flow of Dublin Bus and Bus Éireann passengers","2018","2018","1","Sunday","20","Galway city","Number","6680"
"TOA15","Average weekly flow of Dublin Bus and Bus Éireann passengers","2018","2018","1","Sunday","30","Limerick city","Number","3913"
"TOA15","Average weekly flow of Dublin Bus and Bus Éireann passengers","2018","2018","1","Sunday","40","Waterford city","Number","68"
"TOA15","Average weekly flow of Dublin Bus and Bus Éireann passengers","2018","2018","1","Sunday","50","Dublin Bus","Number","212860"
"TOA15","Average weekly flow of Dublin Bus and Bus Éireann passengers","2018","2018","2","Monday","10","Cork city","Number","39856"
"TOA15","Average weekly flow of Dublin Bus and Bus Éireann passengers","2018","2018","2","Monday","20","Galway city","Number","13514"
"TOA15","Average weekly flow of Dublin Bus and Bus Éireann passengers","2018","2018","2","Monday","30","Limerick city","Number","10189"
"TOA15","Average weekly flow of Dublin Bus and Bus Éireann passengers","2018","2018","2","Monday","40","Waterford city","Number","2572"
"TOA15","Average weekly flow of Dublin Bus and Bus Éireann passengers","2018","2018","2","Monday","50","Dublin Bus","Number","405383"
"TOA15","Average weekly flow of Dublin Bus and Bus Éireann passengers","2018","2018","3","Tuesday","10","Cork city","Number","43658"
"TOA15","Average weekly flow of Dublin Bus and Bus Éireann passengers","2018","2018","3","Tuesday","20","Galway city","Number","14570"
"TOA15","Average weekly flow of Dublin Bus and Bus Éireann passengers","2018","2018","3","Tuesday","30","Limerick city","Number","10960"
"TOA15","Average weekly flow of Dublin Bus and Bus Éireann passengers","2018","2018","3","Tuesday","40","Waterford city","Number","2848"
"TOA15","Average weekly flow of Dublin Bus and Bus Éireann passengers","2018","2018","3","Tuesday","50","Dublin Bus","Number","454256"
"TOA15","Average weekly flow of Dublin Bus and Bus Éireann passengers","2018","2018","4","Wednesday","10","Cork city","Number","45834"
"TOA15","Average weekly flow of Dublin Bus and Bus Éireann passengers","2018","2018","4","Wednesday","20","Galway city","Number","15072"
"TOA15","Average weekly flow of Dublin Bus and Bus Éireann passengers","2018","2018","4","Wednesday","30","Limerick city","Number","11560"
"TOA15","Average weekly flow of Dublin Bus and Bus Éireann passengers","2018","2018","4","Wednesday","40","Waterford city","Number","2975"
"TOA15","Average weekly flow of Dublin Bus and Bus Éireann passengers","2018","2018","4","Wednesday","50","Dublin Bus","Number","457491"
"TOA15","Average weekly flow of Dublin Bus and Bus Éireann passengers","2018","2018","5","Thursday","10","Cork city","Number","45070"
"TOA15","Average weekly flow of Dublin Bus and Bus Éireann passengers","2018","2018","5","Thursday","20","Galway city","Number","14994"
"TOA15","Average weekly flow of Dublin Bus and Bus Éireann passengers","2018","2018","5","Thursday","30","Limerick city","Number","11693"
"TOA15","Average weekly flow of Dublin Bus and Bus Éireann passengers","2018","2018","5","Thursday","40","Waterford city","Number","3033"
"TOA15","Average weekly flow of Dublin Bus and Bus Éireann passengers","2018","2018","5","Thursday","50","Dublin Bus","Number","469742"
"TOA15","Average weekly flow of Dublin Bus and Bus Éireann passengers","2018","2018","6","Friday","10","Cork city","Number","45294"
"TOA15","Average weekly flow of Dublin Bus and Bus Éireann passengers","2018","2018","6","Friday","20","Galway city","Number","14863"
"TOA15","Average weekly flow of Dublin Bus and Bus Éireann passengers","2018","2018","6","Friday","30","Limerick city","Number","11553"
"TOA15","Average weekly flow of Dublin Bus and Bus Éireann passengers","2018","2018","6","Friday","40","Waterford city","Number","3029"
"TOA15","Average weekly flow of Dublin Bus and Bus Éireann passengers","2018","2018","6","Friday","50","Dublin Bus","Number","469734"
"TOA15","Average weekly flow of Dublin Bus and Bus Éireann passengers","2018","2018","7","Saturday","10","Cork city","Number","30303"
"TOA15","Average weekly flow of Dublin Bus and Bus Éireann passengers","2018","2018","7","Saturday","20","Galway city","Number","10913"
"TOA15","Average weekly flow of Dublin Bus and Bus Éireann passengers","2018","2018","7","Saturday","30","Limerick city","Number","7996"
"TOA15","Average weekly flow of Dublin Bus and Bus Éireann passengers","2018","2018","7","Saturday","40","Waterford city","Number","1633"
"TOA15","Average weekly flow of Dublin Bus and Bus Éireann passengers","2018","2018","7","Saturday","50","Dublin Bus","Number","301550"
"TOA15","Average weekly flow of Dublin Bus and Bus Éireann passengers","2019","2019","-","All days","10","Cork city","Number","305666"
"TOA15","Average weekly flow of Dublin Bus and Bus Éireann passengers","2019","2019","-","All days","20","Galway city","Number","108642"
"TOA15","Average weekly flow of Dublin Bus and Bus Éireann passengers","2019","2019","-","All days","30","Limerick city","Number","67874"
"TOA15","Average weekly flow of Dublin Bus and Bus Éireann passengers","2019","2019","-","All days","40","Waterford city","Number","10730"
"TOA15","Average weekly flow of Dublin Bus and Bus Éireann passengers","2019","2019","-","All days","50","Dublin Bus","Number","2660271"
"TOA15","Average weekly flow of Dublin Bus and Bus Éireann passengers","2019","2019","1","Sunday","10","Cork city","Number","22219"
"TOA15","Average weekly flow of Dublin Bus and Bus Éireann passengers","2019","2019","1","Sunday","20","Galway city","Number","8925"
"TOA15","Average weekly flow of Dublin Bus and Bus Éireann passengers","2019","2019","1","Sunday","30","Limerick city","Number","3915"
"TOA15","Average weekly flow of Dublin Bus and Bus Éireann passengers","2019","2019","1","Sunday","40","Waterford city","Number","507"
"TOA15","Average weekly flow of Dublin Bus and Bus Éireann passengers","2019","2019","1","Sunday","50","Dublin Bus","Number","209324"
"TOA15","Average weekly flow of Dublin Bus and Bus Éireann passengers","2019","2019","2","Monday","10","Cork city","Number","44456"
"TOA15","Average weekly flow of Dublin Bus and Bus Éireann passengers","2019","2019","2","Monday","20","Galway city","Number","15875"
"TOA15","Average weekly flow of Dublin Bus and Bus Éireann passengers","2019","2019","2","Monday","30","Limerick city","Number","10190"
"TOA15","Average weekly flow of Dublin Bus and Bus Éireann passengers","2019","2019","2","Monday","40","Waterford city","Number","1517"
"TOA15","Average weekly flow of Dublin Bus and Bus Éireann passengers","2019","2019","2","Monday","50","Dublin Bus","Number","392598"
"TOA15","Average weekly flow of Dublin Bus and Bus Éireann passengers","2019","2019","3","Tuesday","10","Cork city","Number","49301"
"TOA15","Average weekly flow of Dublin Bus and Bus Éireann passengers","2019","2019","3","Tuesday","20","Galway city","Number","17338"
"TOA15","Average weekly flow of Dublin Bus and Bus Éireann passengers","2019","2019","3","Tuesday","30","Limerick city","Number","10961"
"TOA15","Average weekly flow of Dublin Bus and Bus Éireann passengers","2019","2019","3","Tuesday","40","Waterford city","Number","1729"
"TOA15","Average weekly flow of Dublin Bus and Bus Éireann passengers","2019","2019","3","Tuesday","50","Dublin Bus","Number","422732"
"TOA15","Average weekly flow of Dublin Bus and Bus Éireann passengers","2019","2019","4","Wednesday","10","Cork city","Number","50315"
"TOA15","Average weekly flow of Dublin Bus and Bus Éireann passengers","2019","2019","4","Wednesday","20","Galway city","Number","17567"
"TOA15","Average weekly flow of Dublin Bus and Bus Éireann passengers","2019","2019","4","Wednesday","30","Limerick city","Number","11562"
"TOA15","Average weekly flow of Dublin Bus and Bus Éireann passengers","2019","2019","4","Wednesday","40","Waterford city","Number","1895"
"TOA15","Average weekly flow of Dublin Bus and Bus Éireann passengers","2019","2019","4","Wednesday","50","Dublin Bus","Number","445867"
"TOA15","Average weekly flow of Dublin Bus and Bus Éireann passengers","2019","2019","5","Thursday","10","Cork city","Number","51478"
"TOA15","Average weekly flow of Dublin Bus and Bus Éireann passengers","2019","2019","5","Thursday","20","Galway city","Number","17992"
"TOA15","Average weekly flow of Dublin Bus and Bus Éireann passengers","2019","2019","5","Thursday","30","Limerick city","Number","11695"
"TOA15","Average weekly flow of Dublin Bus and Bus Éireann passengers","2019","2019","5","Thursday","40","Waterford city","Number","1963"
"TOA15","Average weekly flow of Dublin Bus and Bus Éireann passengers","2019","2019","5","Thursday","50","Dublin Bus","Number","445176"
"TOA15","Average weekly flow of Dublin Bus and Bus Éireann passengers","2019","2019","6","Friday","10","Cork city","Number","52328"
"TOA15","Average weekly flow of Dublin Bus and Bus Éireann passengers","2019","2019","6","Friday","20","Galway city","Number","17877"
"TOA15","Average weekly flow of Dublin Bus and Bus Éireann passengers","2019","2019","6","Friday","30","Limerick city","Number","11554"
"TOA15","Average weekly flow of Dublin Bus and Bus Éireann passengers","2019","2019","6","Friday","40","Waterford city","Number","1965"
"TOA15","Average weekly flow of Dublin Bus and Bus Éireann passengers","2019","2019","6","Friday","50","Dublin Bus","Number","447156"
"TOA15","Average weekly flow of Dublin Bus and Bus Éireann passengers","2019","2019","7","Saturday","10","Cork city","Number","35569"
"TOA15","Average weekly flow of Dublin Bus and Bus Éireann passengers","2019","2019","7","Saturday","20","Galway city","Number","13068"
"TOA15","Average weekly flow of Dublin Bus and Bus Éireann passengers","2019","2019","7","Saturday","30","Limerick city","Number","7997"
"TOA15","Average weekly flow of Dublin Bus and Bus Éireann passengers","2019","2019","7","Saturday","40","Waterford city","Number","1154"
"TOA15","Average weekly flow of Dublin Bus and Bus Éireann passengers","2019","2019","7","Saturday","50","Dublin Bus","Number","297418"
"TOA15","Average weekly flow of Dublin Bus and Bus Éireann passengers","2020","2020","-","All days","10","Cork city","Number","150662"
"TOA15","Average weekly flow of Dublin Bus and Bus Éireann passengers","2020","2020","-","All days","20","Galway city","Number","57876"
"TOA15","Average weekly flow of Dublin Bus and Bus Éireann passengers","2020","2020","-","All days","30","Limerick city","Number","43541"
"TOA15","Average weekly flow of Dublin Bus and Bus Éireann passengers","2020","2020","-","All days","40","Waterford city","Number",""
"TOA15","Average weekly flow of Dublin Bus and Bus Éireann passengers","2020","2020","-","All days","50","Dublin Bus","Number","1321526"
"TOA15","Average weekly flow of Dublin Bus and Bus Éireann passengers","2020","2020","1","Sunday","10","Cork city","Number","10829"
"TOA15","Average weekly flow of Dublin Bus and Bus Éireann passengers","2020","2020","1","Sunday","20","Galway city","Number","4508"
"TOA15","Average weekly flow of Dublin Bus and Bus Éireann passengers","2020","2020","1","Sunday","30","Limerick city","Number","2771"
"TOA15","Average weekly flow of Dublin Bus and Bus Éireann passengers","2020","2020","1","Sunday","40","Waterford city","Number",""
"TOA15","Average weekly flow of Dublin Bus and Bus Éireann passengers","2020","2020","1","Sunday","50","Dublin Bus","Number","105425"
"TOA15","Average weekly flow of Dublin Bus and Bus Éireann passengers","2020","2020","2","Monday","10","Cork city","Number","22492"
"TOA15","Average weekly flow of Dublin Bus and Bus Éireann passengers","2020","2020","2","Monday","20","Galway city","Number","8623"
"TOA15","Average weekly flow of Dublin Bus and Bus Éireann passengers","2020","2020","2","Monday","30","Limerick city","Number","6478"
"TOA15","Average weekly flow of Dublin Bus and Bus Éireann passengers","2020","2020","2","Monday","40","Waterford city","Number",""
"TOA15","Average weekly flow of Dublin Bus and Bus Éireann passengers","2020","2020","2","Monday","50","Dublin Bus","Number","198694"
"TOA15","Average weekly flow of Dublin Bus and Bus Éireann passengers","2020","2020","3","Tuesday","10","Cork city","Number","24160"
"TOA15","Average weekly flow of Dublin Bus and Bus Éireann passengers","2020","2020","3","Tuesday","20","Galway city","Number","9405"
"TOA15","Average weekly flow of Dublin Bus and Bus Éireann passengers","2020","2020","3","Tuesday","30","Limerick city","Number","6877"
"TOA15","Average weekly flow of Dublin Bus and Bus Éireann passengers","2020","2020","3","Tuesday","40","Waterford city","Number",""
"TOA15","Average weekly flow of Dublin Bus and Bus Éireann passengers","2020","2020","3","Tuesday","50","Dublin Bus","Number","210003"
"TOA15","Average weekly flow of Dublin Bus and Bus Éireann passengers","2020","2020","4","Wednesday","10","Cork city","Number","25129"
"TOA15","Average weekly flow of Dublin Bus and Bus Éireann passengers","2020","2020","4","Wednesday","20","Galway city","Number","9551"
"TOA15","Average weekly flow of Dublin Bus and Bus Éireann passengers","2020","2020","4","Wednesday","30","Limerick city","Number","7247"
"TOA15","Average weekly flow of Dublin Bus and Bus Éireann passengers","2020","2020","4","Wednesday","40","Waterford city","Number",""
"TOA15","Average weekly flow of Dublin Bus and Bus Éireann passengers","2020","2020","4","Wednesday","50","Dublin Bus","Number","214838"
"TOA15","Average weekly flow of Dublin Bus and Bus Éireann passengers","2020","2020","5","Thursday","10","Cork city","Number","25047"
"TOA15","Average weekly flow of Dublin Bus and Bus Éireann passengers","2020","2020","5","Thursday","20","Galway city","Number","9558"
"TOA15","Average weekly flow of Dublin Bus and Bus Éireann passengers","2020","2020","5","Thursday","30","Limerick city","Number","7402"
"TOA15","Average weekly flow of Dublin Bus and Bus Éireann passengers","2020","2020","5","Thursday","40","Waterford city","Number",""
"TOA15","Average weekly flow of Dublin Bus and Bus Éireann passengers","2020","2020","5","Thursday","50","Dublin Bus","Number","217645"
"TOA15","Average weekly flow of Dublin Bus and Bus Éireann passengers","2020","2020","6","Friday","10","Cork city","Number","26003"
"TOA15","Average weekly flow of Dublin Bus and Bus Éireann passengers","2020","2020","6","Friday","20","Galway city","Number","9795"
"TOA15","Average weekly flow of Dublin Bus and Bus Éireann passengers","2020","2020","6","Friday","30","Limerick city","Number","7623"
"TOA15","Average weekly flow of Dublin Bus and Bus Éireann passengers","2020","2020","6","Friday","40","Waterford city","Number",""
"TOA15","Average weekly flow of Dublin Bus and Bus Éireann passengers","2020","2020","6","Friday","50","Dublin Bus","Number","224439"
"TOA15","Average weekly flow of Dublin Bus and Bus Éireann passengers","2020","2020","7","Saturday","10","Cork city","Number","17002"
"TOA15","Average weekly flow of Dublin Bus and Bus Éireann passengers","2020","2020","7","Saturday","20","Galway city","Number","6436"
"TOA15","Average weekly flow of Dublin Bus and Bus Éireann passengers","2020","2020","7","Saturday","30","Limerick city","Number","5143"
"TOA15","Average weekly flow of Dublin Bus and Bus Éireann passengers","2020","2020","7","Saturday","40","Waterford city","Number",""
"TOA15","Average weekly flow of Dublin Bus and Bus Éireann passengers","2020","2020","7","Saturday","50","Dublin Bus","Number","150482"
"TOA15","Average weekly flow of Dublin Bus and Bus Éireann passengers","2021","2021","-","All days","10","Cork city","Number","156483"
"TOA15","Average weekly flow of Dublin Bus and Bus Éireann passengers","2021","2021","-","All days","20","Galway city","Number","64427"
"TOA15","Average weekly flow of Dublin Bus and Bus Éireann passengers","2021","2021","-","All days","30","Limerick city","Number","51723"
"TOA15","Average weekly flow of Dublin Bus and Bus Éireann passengers","2021","2021","-","All days","40","Waterford city","Number",""
"TOA15","Average weekly flow of Dublin Bus and Bus Éireann passengers","2021","2021","-","All days","50","Dublin Bus","Number","1361663"
"TOA15","Average weekly flow of Dublin Bus and Bus Éireann passengers","2021","2021","1","Sunday","10","Cork city","Number","10355"
"TOA15","Average weekly flow of Dublin Bus and Bus Éireann passengers","2021","2021","1","Sunday","20","Galway city","Number","4517"
"TOA15","Average weekly flow of Dublin Bus and Bus Éireann passengers","2021","2021","1","Sunday","30","Limerick city","Number","3044"
"TOA15","Average weekly flow of Dublin Bus and Bus Éireann passengers","2021","2021","1","Sunday","40","Waterford city","Number",""
"TOA15","Average weekly flow of Dublin Bus and Bus Éireann passengers","2021","2021","1","Sunday","50","Dublin Bus","Number","103611"
"TOA15","Average weekly flow of Dublin Bus and Bus Éireann passengers","2021","2021","2","Monday","10","Cork city","Number","25337"
"TOA15","Average weekly flow of Dublin Bus and Bus Éireann passengers","2021","2021","2","Monday","20","Galway city","Number","10563"
"TOA15","Average weekly flow of Dublin Bus and Bus Éireann passengers","2021","2021","2","Monday","30","Limerick city","Number","8474"
"TOA15","Average weekly flow of Dublin Bus and Bus Éireann passengers","2021","2021","2","Monday","40","Waterford city","Number",""
"TOA15","Average weekly flow of Dublin Bus and Bus Éireann passengers","2021","2021","2","Monday","50","Dublin Bus","Number","220312"
"TOA15","Average weekly flow of Dublin Bus and Bus Éireann passengers","2021","2021","3","Tuesday","10","Cork city","Number","23906"
"TOA15","Average weekly flow of Dublin Bus and Bus Éireann passengers","2021","2021","3","Tuesday","20","Galway city","Number","10009"
"TOA15","Average weekly flow of Dublin Bus and Bus Éireann passengers","2021","2021","3","Tuesday","30","Limerick city","Number","7907"
"TOA15","Average weekly flow of Dublin Bus and Bus Éireann passengers","2021","2021","3","Tuesday","40","Waterford city","Number",""
"TOA15","Average weekly flow of Dublin Bus and Bus Éireann passengers","2021","2021","3","Tuesday","50","Dublin Bus","Number","207848"
"TOA15","Average weekly flow of Dublin Bus and Bus Éireann passengers","2021","2021","4","Wednesday","10","Cork city","Number","26096"
"TOA15","Average weekly flow of Dublin Bus and Bus Éireann passengers","2021","2021","4","Wednesday","20","Galway city","Number","10590"
"TOA15","Average weekly flow of Dublin Bus and Bus Éireann passengers","2021","2021","4","Wednesday","30","Limerick city","Number","8684"
"TOA15","Average weekly flow of Dublin Bus and Bus Éireann passengers","2021","2021","4","Wednesday","40","Waterford city","Number",""
"TOA15","Average weekly flow of Dublin Bus and Bus Éireann passengers","2021","2021","4","Wednesday","50","Dublin Bus","Number","219031"
"TOA15","Average weekly flow of Dublin Bus and Bus Éireann passengers","2021","2021","5","Thursday","10","Cork city","Number","25294"
"TOA15","Average weekly flow of Dublin Bus and Bus Éireann passengers","2021","2021","5","Thursday","20","Galway city","Number","10417"
"TOA15","Average weekly flow of Dublin Bus and Bus Éireann passengers","2021","2021","5","Thursday","30","Limerick city","Number","8611"
"TOA15","Average weekly flow of Dublin Bus and Bus Éireann passengers","2021","2021","5","Thursday","40","Waterford city","Number",""
"TOA15","Average weekly flow of Dublin Bus and Bus Éireann passengers","2021","2021","5","Thursday","50","Dublin Bus","Number","219392"
"TOA15","Average weekly flow of Dublin Bus and Bus Éireann passengers","2021","2021","6","Friday","10","Cork city","Number","26154"
"TOA15","Average weekly flow of Dublin Bus and Bus Éireann passengers","2021","2021","6","Friday","20","Galway city","Number","10493"
"TOA15","Average weekly flow of Dublin Bus and Bus Éireann passengers","2021","2021","6","Friday","30","Limerick city","Number","8682"
"TOA15","Average weekly flow of Dublin Bus and Bus Éireann passengers","2021","2021","6","Friday","40","Waterford city","Number",""
"TOA15","Average weekly flow of Dublin Bus and Bus Éireann passengers","2021","2021","6","Friday","50","Dublin Bus","Number","225516"
"TOA15","Average weekly flow of Dublin Bus and Bus Éireann passengers","2021","2021","7","Saturday","10","Cork city","Number","19342"
"TOA15","Average weekly flow of Dublin Bus and Bus Éireann passengers","2021","2021","7","Saturday","20","Galway city","Number","7838"
"TOA15","Average weekly flow of Dublin Bus and Bus Éireann passengers","2021","2021","7","Saturday","30","Limerick city","Number","6321"
"TOA15","Average weekly flow of Dublin Bus and Bus Éireann passengers","2021","2021","7","Saturday","40","Waterford city","Number",""
"TOA15","Average weekly flow of Dublin Bus and Bus Éireann passengers","2021","2021","7","Saturday","50","Dublin Bus","Number","165952"
"TOA15","Average weekly flow of Dublin Bus and Bus Éireann passengers","2022","2022","-","All days","10","Cork city","Number","156483"
"TOA15","Average weekly flow of Dublin Bus and Bus Éireann passengers","2022","2022","-","All days","20","Galway city","Number","64427"
"TOA15","Average weekly flow of Dublin Bus and Bus Éireann passengers","2022","2022","-","All days","30","Limerick city","Number","51723"
"TOA15","Average weekly flow of Dublin Bus and Bus Éireann passengers","2022","2022","-","All days","40","Waterford city","Number",""
"TOA15","Average weekly flow of Dublin Bus and Bus Éireann passengers","2022","2022","-","All days","50","Dublin Bus","Number","2357514"
"TOA15","Average weekly flow of Dublin Bus and Bus Éireann passengers","2022","2022","1","Sunday","10","Cork city","Number","10355"
"TOA15","Average weekly flow of Dublin Bus and Bus Éireann passengers","2022","2022","1","Sunday","20","Galway city","Number","4517"
"TOA15","Average weekly flow of Dublin Bus and Bus Éireann passengers","2022","2022","1","Sunday","30","Limerick city","Number","3044"
"TOA15","Average weekly flow of Dublin Bus and Bus Éireann passengers","2022","2022","1","Sunday","40","Waterford city","Number",""
"TOA15","Average weekly flow of Dublin Bus and Bus Éireann passengers","2022","2022","1","Sunday","50","Dublin Bus","Number","190053"
"TOA15","Average weekly flow of Dublin Bus and Bus Éireann passengers","2022","2022","2","Monday","10","Cork city","Number","25337"
"TOA15","Average weekly flow of Dublin Bus and Bus Éireann passengers","2022","2022","2","Monday","20","Galway city","Number","10563"
"TOA15","Average weekly flow of Dublin Bus and Bus Éireann passengers","2022","2022","2","Monday","30","Limerick city","Number","8474"
"TOA15","Average weekly flow of Dublin Bus and Bus Éireann passengers","2022","2022","2","Monday","40","Waterford city","Number",""
"TOA15","Average weekly flow of Dublin Bus and Bus Éireann passengers","2022","2022","2","Monday","50","Dublin Bus","Number","373427"
"TOA15","Average weekly flow of Dublin Bus and Bus Éireann passengers","2022","2022","3","Tuesday","10","Cork city","Number","23906"
"TOA15","Average weekly flow of Dublin Bus and Bus Éireann passengers","2022","2022","3","Tuesday","20","Galway city","Number","10009"
"TOA15","Average weekly flow of Dublin Bus and Bus Éireann passengers","2022","2022","3","Tuesday","30","Limerick city","Number","7907"
"TOA15","Average weekly flow of Dublin Bus and Bus Éireann passengers","2022","2022","3","Tuesday","40","Waterford city","Number",""
"TOA15","Average weekly flow of Dublin Bus and Bus Éireann passengers","2022","2022","3","Tuesday","50","Dublin Bus","Number","364159"
"TOA15","Average weekly flow of Dublin Bus and Bus Éireann passengers","2022","2022","4","Wednesday","10","Cork city","Number","26096"
"TOA15","Average weekly flow of Dublin Bus and Bus Éireann passengers","2022","2022","4","Wednesday","20","Galway city","Number","10590"
"TOA15","Average weekly flow of Dublin Bus and Bus Éireann passengers","2022","2022","4","Wednesday","30","Limerick city","Number","8684"
"TOA15","Average weekly flow of Dublin Bus and Bus Éireann passengers","2022","2022","4","Wednesday","40","Waterford city","Number",""
"TOA15","Average weekly flow of Dublin Bus and Bus Éireann passengers","2022","2022","4","Wednesday","50","Dublin Bus","Number","376995"
"TOA15","Average weekly flow of Dublin Bus and Bus Éireann passengers","2022","2022","5","Thursday","10","Cork city","Number","25294"
"TOA15","Average weekly flow of Dublin Bus and Bus Éireann passengers","2022","2022","5","Thursday","20","Galway city","Number","10417"
"TOA15","Average weekly flow of Dublin Bus and Bus Éireann passengers","2022","2022","5","Thursday","30","Limerick city","Number","8611"
"TOA15","Average weekly flow of Dublin Bus and Bus Éireann passengers","2022","2022","5","Thursday","40","Waterford city","Number",""
"TOA15","Average weekly flow of Dublin Bus and Bus Éireann passengers","2022","2022","5","Thursday","50","Dublin Bus","Number","386896"
"TOA15","Average weekly flow of Dublin Bus and Bus Éireann passengers","2022","2022","6","Friday","10","Cork city","Number","26154"
"TOA15","Average weekly flow of Dublin Bus and Bus Éireann passengers","2022","2022","6","Friday","20","Galway city","Number","10493"
"TOA15","Average weekly flow of Dublin Bus and Bus Éireann passengers","2022","2022","6","Friday","30","Limerick city","Number","8682"
"TOA15","Average weekly flow of Dublin Bus and Bus Éireann passengers","2022","2022","6","Friday","40","Waterford city","Number",""
"TOA15","Average weekly flow of Dublin Bus and Bus Éireann passengers","2022","2022","6","Friday","50","Dublin Bus","Number","379933"
"TOA15","Average weekly flow of Dublin Bus and Bus Éireann passengers","2022","2022","7","Saturday","10","Cork city","Number","19342"
"TOA15","Average weekly flow of Dublin Bus and Bus Éireann passengers","2022","2022","7","Saturday","20","Galway city","Number","7838"
"TOA15","Average weekly flow of Dublin Bus and Bus Éireann passengers","2022","2022","7","Saturday","30","Limerick city","Number","6321"
"TOA15","Average weekly flow of Dublin Bus and Bus Éireann passengers","2022","2022","7","Saturday","40","Waterford city","Number",""
"TOA15","Average weekly flow of Dublin Bus and Bus Éireann passengers","2022","2022","7","Saturday","50","Dublin Bus","Number","286052"
"TOA15","Average weekly flow of Dublin Bus and Bus Éireann passengers","2023","2023","-","All days","10","Cork city","Number","332414"
"TOA15","Average weekly flow of Dublin Bus and Bus Éireann passengers","2023","2023","-","All days","20","Galway city","Number","143263"
"TOA15","Average weekly flow of Dublin Bus and Bus Éireann passengers","2023","2023","-","All days","30","Limerick city","Number","118937"
"TOA15","Average weekly flow of Dublin Bus and Bus Éireann passengers","2023","2023","-","All days","40","Waterford city","Number",""
"TOA15","Average weekly flow of Dublin Bus and Bus Éireann passengers","2023","2023","-","All days","50","Dublin Bus","Number","2846026"
"TOA15","Average weekly flow of Dublin Bus and Bus Éireann passengers","2023","2023","1","Sunday","10","Cork city","Number","22314"
"TOA15","Average weekly flow of Dublin Bus and Bus Éireann passengers","2023","2023","1","Sunday","20","Galway city","Number","10269"
"TOA15","Average weekly flow of Dublin Bus and Bus Éireann passengers","2023","2023","1","Sunday","30","Limerick city","Number","6903"
"TOA15","Average weekly flow of Dublin Bus and Bus Éireann passengers","2023","2023","1","Sunday","40","Waterford city","Number",""
"TOA15","Average weekly flow of Dublin Bus and Bus Éireann passengers","2023","2023","1","Sunday","50","Dublin Bus","Number","227967"
"TOA15","Average weekly flow of Dublin Bus and Bus Éireann passengers","2023","2023","2","Monday","10","Cork city","Number","53941"
"TOA15","Average weekly flow of Dublin Bus and Bus Éireann passengers","2023","2023","2","Monday","20","Galway city","Number","23358"
"TOA15","Average weekly flow of Dublin Bus and Bus Éireann passengers","2023","2023","2","Monday","30","Limerick city","Number","19013"
"TOA15","Average weekly flow of Dublin Bus and Bus Éireann passengers","2023","2023","2","Monday","40","Waterford city","Number",""
"TOA15","Average weekly flow of Dublin Bus and Bus Éireann passengers","2023","2023","2","Monday","50","Dublin Bus","Number","452137"
"TOA15","Average weekly flow of Dublin Bus and Bus Éireann passengers","2023","2023","3","Tuesday","10","Cork city","Number","52411"
"TOA15","Average weekly flow of Dublin Bus and Bus Éireann passengers","2023","2023","3","Tuesday","20","Galway city","Number","22554"
"TOA15","Average weekly flow of Dublin Bus and Bus Éireann passengers","2023","2023","3","Tuesday","30","Limerick city","Number","18882"
"TOA15","Average weekly flow of Dublin Bus and Bus Éireann passengers","2023","2023","3","Tuesday","40","Waterford city","Number",""
"TOA15","Average weekly flow of Dublin Bus and Bus Éireann passengers","2023","2023","3","Tuesday","50","Dublin Bus","Number","445061"
"TOA15","Average weekly flow of Dublin Bus and Bus Éireann passengers","2023","2023","4","Wednesday","10","Cork city","Number","53970"
"TOA15","Average weekly flow of Dublin Bus and Bus Éireann passengers","2023","2023","4","Wednesday","20","Galway city","Number","22942"
"TOA15","Average weekly flow of Dublin Bus and Bus Éireann passengers","2023","2023","4","Wednesday","30","Limerick city","Number","19527"
"TOA15","Average weekly flow of Dublin Bus and Bus Éireann passengers","2023","2023","4","Wednesday","40","Waterford city","Number",""
"TOA15","Average weekly flow of Dublin Bus and Bus Éireann passengers","2023","2023","4","Wednesday","50","Dublin Bus","Number","457391"
"TOA15","Average weekly flow of Dublin Bus and Bus Éireann passengers","2023","2023","5","Thursday","10","Cork city","Number","55012"
"TOA15","Average weekly flow of Dublin Bus and Bus Éireann passengers","2023","2023","5","Thursday","20","Galway city","Number","23417"
"TOA15","Average weekly flow of Dublin Bus and Bus Éireann passengers","2023","2023","5","Thursday","30","Limerick city","Number","20215"
"TOA15","Average weekly flow of Dublin Bus and Bus Éireann passengers","2023","2023","5","Thursday","40","Waterford city","Number",""
"TOA15","Average weekly flow of Dublin Bus and Bus Éireann passengers","2023","2023","5","Thursday","50","Dublin Bus","Number","461804"
"TOA15","Average weekly flow of Dublin Bus and Bus Éireann passengers","2023","2023","6","Friday","10","Cork city","Number","54556"
"TOA15","Average weekly flow of Dublin Bus and Bus Éireann passengers","2023","2023","6","Friday","20","Galway city","Number","23277"
"TOA15","Average weekly flow of Dublin Bus and Bus Éireann passengers","2023","2023","6","Friday","30","Limerick city","Number","19995"
"TOA15","Average weekly flow of Dublin Bus and Bus Éireann passengers","2023","2023","6","Friday","40","Waterford city","Number",""
"TOA15","Average weekly flow of Dublin Bus and Bus Éireann passengers","2023","2023","6","Friday","50","Dublin Bus","Number","458740"
"TOA15","Average weekly flow of Dublin Bus and Bus Éireann passengers","2023","2023","7","Saturday","10","Cork city","Number","40210"
"TOA15","Average weekly flow of Dublin Bus and Bus Éireann passengers","2023","2023","7","Saturday","20","Galway city","Number","17446"
"TOA15","Average weekly flow of Dublin Bus and Bus Éireann passengers","2023","2023","7","Saturday","30","Limerick city","Number","14402"
"TOA15","Average weekly flow of Dublin Bus and Bus Éireann passengers","2023","2023","7","Saturday","40","Waterford city","Number",""
"TOA15","Average weekly flow of Dublin Bus and Bus Éireann passengers","2023","2023","7","Saturday","50","Dublin Bus","Number","342926"
